1643202146620;47.28211059663108;-1.5208643558350263
1643202146727;47.28211059663108;-1.5208643558350263
1643202146828;47.28211059663108;-1.5208643558350263
1643202146929;47.28211059663108;-1.5208643558350263
1643202147030;47.28211059663108;-1.5208643558350263
1643202147130;47.28211059663108;-1.5208643558350263
1643202147231;47.28211059663108;-1.5208643558350263
1643202147331;47.28211059663108;-1.5208643558350263
1643202147432;47.28211059663108;-1.5208643558350263
1643202147532;47.28211059663108;-1.5208643558350263
1643202147633;47.28211059663108;-1.5208643558350263
1643202147734;47.28211059663108;-1.5208643558350263
1643202147834;47.28211059663108;-1.5208643558350263
1643202147935;47.28211059663108;-1.5208643558350263
1643202148036;47.28211059663108;-1.5208643558350263
1643202148137;47.28211059663108;-1.5208643558350263
1643202148238;47.28211059663108;-1.5208643558350263
1643202148339;47.28211059663108;-1.5208643558350263
1643202148440;47.28211059663108;-1.5208643558350263
1643202148541;47.28211059663108;-1.5208643558350263
1643202148642;47.28211059663108;-1.5208643558350263
1643202148742;47.28211059663108;-1.5208643558350263
1643202148843;47.28211059663108;-1.5208643558350263
1643202148943;47.28211059663108;-1.5208643558350263
1643202149044;47.28211059663108;-1.5208643558350263
1643202149145;47.28211059663108;-1.5208643558350263
1643202149245;47.28211059663108;-1.5208643558350263
1643202149345;47.28211059663108;-1.5208643558350263
1643202149446;47.28211059663108;-1.5208643558350263
1643202149816;47.28211059663108;-1.5208643558350263
1643202149917;47.28211059663108;-1.5208643558350263
1643202150017;47.28211059663108;-1.5208643558350263
1643202150118;47.28211059663108;-1.5208643558350263
1643202150218;47.28211059663108;-1.5208643558350263
1643202150319;47.28211059663108;-1.5208643558350263
1643202150420;47.28211059663108;-1.5208643558350263
1643202150519;47.28211059663108;-1.5208643558350263
1643202150620;47.28211059663108;-1.5208643558350263
1643202150720;47.28211059663108;-1.5208643558350263
1643202150821;47.28211059663108;-1.5208643558350263
1643202150922;47.28211059663108;-1.5208643558350263
1643202151022;47.28211059663108;-1.5208643558350263
1643202151123;47.28211059663108;-1.5208643558350263
1643202151224;47.28211059663108;-1.5208643558350263
1643202151353;47.28211059663108;-1.5208643558350263
1643202151454;47.28211059663108;-1.5208643558350263
1643202151554;47.28211059663108;-1.5208643558350263
1643202151655;47.28211059663108;-1.5208643558350263
1643202151755;47.28211059663108;-1.5208643558350263
1643202151856;47.28211059663108;-1.5208643558350263
1643202151957;47.28211059663108;-1.5208643558350263
1643202152056;47.28211059663108;-1.5208643558350263
1643202152157;47.28211059663108;-1.5208643558350263
1643202152257;47.28211059663108;-1.5208643558350263
1643202152357;47.28211059663108;-1.5208643558350263
1643202152457;47.28211059663108;-1.5208643558350263
1643202152558;47.28211059663108;-1.5208643558350263
1643202152667;47.28211059663108;-1.5208643558350263
1643202152767;47.28211059663108;-1.5208643558350263
1643202152868;47.28211059663108;-1.5208643558350263
1643202152969;47.28211059663108;-1.5208643558350263
1643202153070;47.28211059663108;-1.5208643558350263
1643202153170;47.28211059663108;-1.5208643558350263
1643202153274;47.28211059663108;-1.5208643558350263
1643202153375;47.28211059663108;-1.5208643558350263
1643202153474;47.28211059663108;-1.5208643558350263
1643202153575;47.28211059663108;-1.5208643558350263
1643202153678;47.28211059663108;-1.5208643558350263
1643202153778;47.28211059663108;-1.5208643558350263
1643202153878;47.28211059663108;-1.5208643558350263
1643202153978;47.28211059663108;-1.5208643558350263
1643202154079;47.28211059663108;-1.5208643558350263
1643202154189;47.28211059663108;-1.5208643558350263
1643202154302;47.28211059663108;-1.5208643558350263
1643202154404;47.28211059663108;-1.5208643558350263
1643202154505;47.28211059663108;-1.5208643558350263
1643202154608;47.28211059663108;-1.5208643558350263
1643202154709;47.28211059663108;-1.5208643558350263
1643202154811;47.28211059663108;-1.5208643558350263
1643202154916;47.28211059663108;-1.5208643558350263
1643202155019;47.28211059663108;-1.5208643558350263
1643202155132;47.28211059663108;-1.5208643558350263
1643202155234;47.28211059663108;-1.5208643558350263
1643202155338;47.28211059663108;-1.5208643558350263
1643202155438;47.28211059663108;-1.5208643558350263
1643202155539;47.28211059663108;-1.5208643558350263
1643202155639;47.28211059663108;-1.5208643558350263
1643202155739;47.28211059663108;-1.5208643558350263
1643202155840;47.28211059663108;-1.5208643558350263
1643202155940;47.28211059663108;-1.5208643558350263
1643202156040;47.28211059663108;-1.5208643558350263
1643202156153;47.28211059663108;-1.5208643558350263
1643202156270;47.28211059663108;-1.5208643558350263
1643202156432;47.28211059663108;-1.5208643558350263
1643202156533;47.28211059663108;-1.5208643558350263
1643202156634;47.28211059663108;-1.5208643558350263
1643202156733;47.28211059663108;-1.5208643558350263
1643202156834;47.28211059663108;-1.5208643558350263
1643202156933;47.28211059663108;-1.5208643558350263
1643202157033;47.28211059663108;-1.5208643558350263
1643202157134;47.28211059663108;-1.5208643558350263
1643202157235;47.28211059663108;-1.5208643558350263
1643202157336;47.28211059663108;-1.5208643558350263
1643202157436;47.28211059663108;-1.5208643558350263
1643202157536;47.28211059663108;-1.5208643558350263
1643202157638;47.28211059663108;-1.5208643558350263
1643202157743;47.28211059663108;-1.5208643558350263
1643202157842;47.28211059663108;-1.5208643558350263
1643202157942;47.28211059663108;-1.5208643558350263
1643202158042;47.28211059663108;-1.5208643558350263
1643202158142;47.28211059663108;-1.5208643558350263
1643202158242;47.28211059663108;-1.5208643558350263
1643202158342;47.28211059663108;-1.5208643558350263
1643202158443;47.28211059663108;-1.5208643558350263
1643202158544;47.28211059663108;-1.5208643558350263
1643202158654;47.28211059663108;-1.5208643558350263
1643202158755;47.28211059663108;-1.5208643558350263
1643202158855;47.28211059663108;-1.5208643558350263
1643202158958;47.28211059663108;-1.5208643558350263
1643202159060;47.28211059663108;-1.5208643558350263
1643202159162;47.28211059663108;-1.5208643558350263
1643202159262;47.28211059663108;-1.5208643558350263
1643202159363;47.28211059663108;-1.5208643558350263
1643202159464;47.28211059663108;-1.5208643558350263
1643202159565;47.28211059663108;-1.5208643558350263
1643202159665;47.28211059663108;-1.5208643558350263
1643202159765;47.28211059663108;-1.5208643558350263
1643202159866;47.28211059663108;-1.5208643558350263
1643202159966;47.28211059663108;-1.5208643558350263
1643202160067;47.28211059663108;-1.5208643558350263
1643202160167;47.28211059663108;-1.5208643558350263
1643202160267;47.28211059663108;-1.5208643558350263
1643202160367;47.28211059663108;-1.5208643558350263
1643202160467;47.28211059663108;-1.5208643558350263
1643202160568;47.28211059663108;-1.5208643558350263
1643202160668;47.28211059663108;-1.5208643558350263
1643202160768;47.28211059663108;-1.5208643558350263
1643202160868;47.28211059663108;-1.5208643558350263
1643202160968;47.28211059663108;-1.5208643558350263
1643202161068;47.28211059663108;-1.5208643558350263
1643202161168;47.28211059663108;-1.5208643558350263
1643202161268;47.28211059663108;-1.5208643558350263
1643202161369;47.28211059663108;-1.5208643558350263
1643202161468;47.28211059663108;-1.5208643558350263
1643202161569;47.28211059663108;-1.5208643558350263
1643202161669;47.28211059663108;-1.5208643558350263
1643202161769;47.28211059663108;-1.5208643558350263
1643202161870;47.28211059663108;-1.5208643558350263
1643202161970;47.28211059663108;-1.5208643558350263
1643202162070;47.28211059663108;-1.5208643558350263
1643202162175;47.28211059663108;-1.5208643558350263
1643202162276;47.28211059663108;-1.5208643558350263
1643202162377;47.28211059663108;-1.5208643558350263
1643202162477;47.28211059663108;-1.5208643558350263
1643202162578;47.28211059663108;-1.5208643558350263
1643202162684;47.28211059663108;-1.5208643558350263
1643202162785;47.28211059663108;-1.5208643558350263
1643202162885;47.28211059663108;-1.5208643558350263
1643202162986;47.28211059663108;-1.5208643558350263
1643202163086;47.28211059663108;-1.5208643558350263
1643202163191;47.28211059663108;-1.5208643558350263
1643202163291;47.28211059663108;-1.5208643558350263
1643202163392;47.28211059663108;-1.5208643558350263
1643202163492;47.28211059663108;-1.5208643558350263
1643202163592;47.28211059663108;-1.5208643558350263
1643202163700;47.28211059663108;-1.5208643558350263
1643202163800;47.28211059663108;-1.5208643558350263
1643202163901;47.28211059663108;-1.5208643558350263
1643202164000;47.28211059663108;-1.5208643558350263
1643202164100;47.28211059663108;-1.5208643558350263
1643202164207;47.28211059663108;-1.5208643558350263
1643202164307;47.28211059663108;-1.5208643558350263
1643202164408;47.28211059663108;-1.5208643558350263
1643202164514;47.28211059663108;-1.5208643558350263
1643202164616;47.28211059663108;-1.5208643558350263
1643202164716;47.28211059663108;-1.5208643558350263
1643202164816;47.28211059663108;-1.5208643558350263
1643202164917;47.28211059663108;-1.5208643558350263
1643202165017;47.28211059663108;-1.5208643558350263
1643202165117;47.28211059663108;-1.5208643558350263
1643202165217;47.28211059663108;-1.5208643558350263
1643202165318;47.28211059663108;-1.5208643558350263
1643202165419;47.28211059663108;-1.5208643558350263
1643202165519;47.28211059663108;-1.5208643558350263
1643202165619;47.28211059663108;-1.5208643558350263
1643202165719;47.28211059663108;-1.5208643558350263
1643202165819;47.28211059663108;-1.5208643558350263
1643202165919;47.28211059663108;-1.5208643558350263
1643202166020;47.28211059663108;-1.5208643558350263
1643202166120;47.28211059663108;-1.5208643558350263
1643202166220;47.28211059663108;-1.5208643558350263
1643202166321;47.28211059663108;-1.5208643558350263
1643202166420;47.28211059663108;-1.5208643558350263
1643202166520;47.28211059663108;-1.5208643558350263
1643202166621;47.28211059663108;-1.5208643558350263
1643202166722;47.28211059663108;-1.5208643558350263
1643202166823;47.28211059663108;-1.5208643558350263
1643202166923;47.28211059663108;-1.5208643558350263
1643202167024;47.28211059663108;-1.5208643558350263
1643202167124;47.28211059663108;-1.5208643558350263
1643202167224;47.28211059663108;-1.5208643558350263
1643202167325;47.28211059663108;-1.5208643558350263
1643202167425;47.28211059663108;-1.5208643558350263
1643202167526;47.28211059663108;-1.5208643558350263
1643202167626;47.28211059663108;-1.5208643558350263
1643202167727;47.28211059663108;-1.5208643558350263
1643202167842;47.28211059663108;-1.5208643558350263
1643202167958;47.28211059663108;-1.5208643558350263
1643202168059;47.28211059663108;-1.5208643558350263
1643202168160;47.28211059663108;-1.5208643558350263
1643202168261;47.28211059663108;-1.5208643558350263
1643202168361;47.28211059663108;-1.5208643558350263
1643202168462;47.28211059663108;-1.5208643558350263
1643202168563;47.28211059663108;-1.5208643558350263
1643202168663;47.28211059663108;-1.5208643558350263
1643202168764;47.28211059663108;-1.5208643558350263
1643202168865;47.28211059663108;-1.5208643558350263
1643202168966;47.28211059663108;-1.5208643558350263
1643202169066;47.28211059663108;-1.5208643558350263
1643202169166;47.28211059663108;-1.5208643558350263
1643202169269;47.28211059663108;-1.5208643558350263
1643202169370;47.28211059663108;-1.5208643558350263
1643202169469;47.28211059663108;-1.5208643558350263
1643202169569;47.28211059663108;-1.5208643558350263
1643202169670;47.28211059663108;-1.5208643558350263
1643202169776;47.28211059663108;-1.5208643558350263
1643202169897;47.28211059663108;-1.5208643558350263
1643202169997;47.28211059663108;-1.5208643558350263
1643202170097;47.28211059663108;-1.5208643558350263
1643202170198;47.28211059663108;-1.5208643558350263
1643202170301;47.28211059663108;-1.5208643558350263
1643202170401;47.28211059663108;-1.5208643558350263
1643202170501;47.28211059663108;-1.5208643558350263
1643202170601;47.28211059663108;-1.5208643558350263
1643202170701;47.28211059663108;-1.5208643558350263
1643202170809;47.28211059663108;-1.5208643558350263
1643202170918;47.28211059663108;-1.5208643558350263
1643202171018;47.28211059663108;-1.5208643558350263
1643202171140;47.28211059663108;-1.5208643558350263
1643202171240;47.28211059663108;-1.5208643558350263
1643202171340;47.28211059663108;-1.5208643558350263
1643202171440;47.28211059663108;-1.5208643558350263
1643202171541;47.28211059663108;-1.5208643558350263
1643202171641;47.28211059663108;-1.5208643558350263
1643202171752;47.28211059663108;-1.5208643558350263
1643202171853;47.28211059663108;-1.5208643558350263
1643202171954;47.28211059663108;-1.5208643558350263
1643202172054;47.28211059663108;-1.5208643558350263
1643202172160;47.28211059663108;-1.5208643558350263
1643202172260;47.28211059663108;-1.5208643558350263
1643202172360;47.28211059663108;-1.5208643558350263
1643202172461;47.28211059663108;-1.5208643558350263
1643202172588;47.28211059663108;-1.5208643558350263
1643202172688;47.28211059663108;-1.5208643558350263
1643202172789;47.28211059663108;-1.5208643558350263
1643202172890;47.28211059663108;-1.5208643558350263
1643202172989;47.28211059663108;-1.5208643558350263
1643202173089;47.28211059663108;-1.5208643558350263
1643202173189;47.28211059663108;-1.5208643558350263
1643202173305;47.28211059663108;-1.5208643558350263
1643202173405;47.28211059663108;-1.5208643558350263
1643202173505;47.28211059663108;-1.5208643558350263
1643202173605;47.28211059663108;-1.5208643558350263
1643202173705;47.28211059663108;-1.5208643558350263
1643202173805;47.28211059663108;-1.5208643558350263
1643202173906;47.28211059663108;-1.5208643558350263
1643202174018;47.28211059663108;-1.5208643558350263
1643202174118;47.28211059663108;-1.5208643558350263
1643202174219;47.28211059663108;-1.5208643558350263
1643202174328;47.28211059663108;-1.5208643558350263
1643202174428;47.28211059663108;-1.5208643558350263
1643202174528;47.28211059663108;-1.5208643558350263
1643202174628;47.28211059663108;-1.5208643558350263
1643202174728;47.28211059663108;-1.5208643558350263
1643202174829;47.28211059663108;-1.5208643558350263
1643202174943;47.28211059663108;-1.5208643558350263
1643202175044;47.28211059663108;-1.5208643558350263
1643202175144;47.28211059663108;-1.5208643558350263
1643202175245;47.28211059663108;-1.5208643558350263
1643202175406;47.28211059663108;-1.5208643558350263
1643202175514;47.28211059663108;-1.5208643558350263
1643202175615;47.28211059663108;-1.5208643558350263
1643202175715;47.28211059663108;-1.5208643558350263
1643202175815;47.28211059663108;-1.5208643558350263
1643202175915;47.28211059663108;-1.5208643558350263
1643202176031;47.28211059663108;-1.5208643558350263
1643202176130;47.28211059663108;-1.5208643558350263
1643202176230;47.28211059663108;-1.5208643558350263
1643202176330;47.28211059663108;-1.5208643558350263
1643202176447;47.28211059663108;-1.5208643558350263
1643202176550;47.28211059663108;-1.5208643558350263
1643202176650;47.28211059663108;-1.5208643558350263
1643202176751;47.28211059663108;-1.5208643558350263
1643202176850;47.28211059663108;-1.5208643558350263
1643202176950;47.28211059663108;-1.5208643558350263
1643202177050;47.28211059663108;-1.5208643558350263
1643202177150;47.28211059663108;-1.5208643558350263
1643202177250;47.28211059663108;-1.5208643558350263
1643202177353;47.28211059663108;-1.5208643558350263
1643202177452;47.28211059663108;-1.5208643558350263
1643202177564;47.28211059663108;-1.5208643558350263
1643202177664;47.28211059663108;-1.5208643558350263
1643202177764;47.28211059663108;-1.5208643558350263
1643202177864;47.28211059663108;-1.5208643558350263
1643202177972;47.28211059663108;-1.5208643558350263
1643202178072;47.28211059663108;-1.5208643558350263
1643202178173;47.28211059663108;-1.5208643558350263
1643202178273;47.28211059663108;-1.5208643558350263
1643202178399;47.28211059663108;-1.5208643558350263
1643202178499;47.28211059663108;-1.5208643558350263
1643202178600;47.28211059663108;-1.5208643558350263
1643202178700;47.28211059663108;-1.5208643558350263
1643202178800;47.28211059663108;-1.5208643558350263
1643202178900;47.28211059663108;-1.5208643558350263
1643202179000;47.28211059663108;-1.5208643558350263
1643202179100;47.28211059663108;-1.5208643558350263
1643202179201;47.28211059663108;-1.5208643558350263
1643202179300;47.28211059663108;-1.5208643558350263
1643202179400;47.28211059663108;-1.5208643558350263
1643202179519;47.28211059663108;-1.5208643558350263
1643202179619;47.28211059663108;-1.5208643558350263
1643202179719;47.28211059663108;-1.5208643558350263
1643202179820;47.28211059663108;-1.5208643558350263
1643202179984;47.28211059663108;-1.5208643558350263
1643202180085;47.28211059663108;-1.5208643558350263
1643202180185;47.28211059663108;-1.5208643558350263
1643202180285;47.28211059663108;-1.5208643558350263
1643202180385;47.28211059663108;-1.5208643558350263
1643202180560;47.28211059663108;-1.5208643558350263
1643202180664;47.28211059663108;-1.5208643558350263
1643202180764;47.28211059663108;-1.5208643558350263
1643202180864;47.28211059663108;-1.5208643558350263
1643202180964;47.28211059663108;-1.5208643558350263
1643202181091;47.28211059663108;-1.5208643558350263
1643202181190;47.28211059663108;-1.5208643558350263
1643202181290;47.28211059663108;-1.5208643558350263
1643202181390;47.28211059663108;-1.5208643558350263
1643202181490;47.28211059663108;-1.5208643558350263
1643202181591;47.28211059663108;-1.5208643558350263
1643202181691;47.28211059663108;-1.5208643558350263
1643202181791;47.28211059663108;-1.5208643558350263
1643202181891;47.28211059663108;-1.5208643558350263
1643202181991;47.28211059663108;-1.5208643558350263
1643202182091;47.28211059663108;-1.5208643558350263
1643202182191;47.28211059663108;-1.5208643558350263
1643202182292;47.28211059663108;-1.5208643558350263
1643202182393;47.28211059663108;-1.5208643558350263
1643202182493;47.28211059663108;-1.5208643558350263
1643202182593;47.28211059663108;-1.5208643558350263
1643202182698;47.28211059663108;-1.5208643558350263
1643202182798;47.28211059663108;-1.5208643558350263
1643202182898;47.28211059663108;-1.5208643558350263
1643202182999;47.28211059663108;-1.5208643558350263
1643202183100;47.28211059663108;-1.5208643558350263
1643202183202;47.28211059663108;-1.5208643558350263
1643202183302;47.28211059663108;-1.5208643558350263
1643202183403;47.28211059663108;-1.5208643558350263
1643202183504;47.28211059663108;-1.5208643558350263
1643202183605;47.28211059663108;-1.5208643558350263
1643202183711;47.28211059663108;-1.5208643558350263
1643202183812;47.28211059663108;-1.5208643558350263
1643202183911;47.28211059663108;-1.5208643558350263
1643202184011;47.28211059663108;-1.5208643558350263
1643202184111;47.28211059663108;-1.5208643558350263
1643202184211;47.28211059663108;-1.5208643558350263
1643202184311;47.28211059663108;-1.5208643558350263
1643202184411;47.28211059663108;-1.5208643558350263
1643202184511;47.28211059663108;-1.5208643558350263
1643202184612;47.28211059663108;-1.5208643558350263
1643202184712;47.28211059663108;-1.5208643558350263
1643202184812;47.28211059663108;-1.5208643558350263
1643202184913;47.28211059663108;-1.5208643558350263
1643202185013;47.28211059663108;-1.5208643558350263
1643202185135;47.28187102670713;-1.5207390193151382
1643202185236;47.28187102670713;-1.5207390193151382
1643202185336;47.28187102670713;-1.5207390193151382
1643202185437;47.28187102670713;-1.5207390193151382
1643202185537;47.28187102670713;-1.5207390193151382
1643202185637;47.28187102670713;-1.5207390193151382
1643202185737;47.28187102670713;-1.5207390193151382
1643202185837;47.28187102670713;-1.5207390193151382
1643202185937;47.28187102670713;-1.5207390193151382
1643202186037;47.28187102670713;-1.5207390193151382
1643202186137;47.28187102670713;-1.5207390193151382
1643202186238;47.28187102670713;-1.5207390193151382
1643202186338;47.28187102670713;-1.5207390193151382
1643202186438;47.28187102670713;-1.5207390193151382
1643202186539;47.28187102670713;-1.5207390193151382
1643202186639;47.28187102670713;-1.5207390193151382
1643202186739;47.28187102670713;-1.5207390193151382
1643202186839;47.28187102670713;-1.5207390193151382
1643202186939;47.28187102670713;-1.5207390193151382
1643202187039;47.28187102670713;-1.5207390193151382
1643202187139;47.28187102670713;-1.5207390193151382
1643202187239;47.28187102670713;-1.5207390193151382
1643202187339;47.28187102670713;-1.5207390193151382
1643202187439;47.28187102670713;-1.5207390193151382
1643202187540;47.28187102670713;-1.5207390193151382
1643202187641;47.28187102670713;-1.5207390193151382
1643202187741;47.28187102670713;-1.5207390193151382
1643202187841;47.28187102670713;-1.5207390193151382
1643202187941;47.28187102670713;-1.5207390193151382
1643202188041;47.28187102670713;-1.5207390193151382
1643202188150;47.28188724566261;-1.5205403677690659
1643202188249;47.28188724566261;-1.5205403677690659
1643202188350;47.28188724566261;-1.5205403677690659
1643202188449;47.28188724566261;-1.5205403677690659
1643202188549;47.28188724566261;-1.5205403677690659
1643202188649;47.28188724566261;-1.5205403677690659
1643202188772;47.28188724566261;-1.5205403677690659
1643202188873;47.28188724566261;-1.5205403677690659
1643202188973;47.28188724566261;-1.5205403677690659
1643202189074;47.28188724566261;-1.5205403677690659
1643202189174;47.28188724566261;-1.5205403677690659
1643202189274;47.28188724566261;-1.5205403677690659
1643202189375;47.28188724566261;-1.5205403677690659
1643202189489;47.28188724566261;-1.5205403677690659
1643202189590;47.28188724566261;-1.5205403677690659
1643202189691;47.28188724566261;-1.5205403677690659
1643202189791;47.28188724566261;-1.5205403677690659
1643202189892;47.28188724566261;-1.5205403677690659
1643202189992;47.28188724566261;-1.5205403677690659
1643202190092;47.28188724566261;-1.5205403677690659
1643202190192;47.28188724566261;-1.5205403677690659
1643202190292;47.28188724566261;-1.5205403677690659
1643202190393;47.28188724566261;-1.5205403677690659
1643202190493;47.28188724566261;-1.5205403677690659
1643202190617;47.28185125083419;-1.5205067829512953
1643202190717;47.28185125083419;-1.5205067829512953
1643202190817;47.28185125083419;-1.5205067829512953
1643202190917;47.28185125083419;-1.5205067829512953
1643202191018;47.28185125083419;-1.5205067829512953
1643202191118;47.28185125083419;-1.5205067829512953
1643202191218;47.28185125083419;-1.5205067829512953
1643202191318;47.28185125083419;-1.5205067829512953
1643202191419;47.28185125083419;-1.5205067829512953
1643202191518;47.28185125083419;-1.5205067829512953
1643202191619;47.28185125083419;-1.5205067829512953
1643202191719;47.28185125083419;-1.5205067829512953
1643202191819;47.28185125083419;-1.5205067829512953
1643202191919;47.28185125083419;-1.5205067829512953
1643202192020;47.28185125083419;-1.5205067829512953
1643202192121;47.28185125083419;-1.5205067829512953
1643202192221;47.28185125083419;-1.5205067829512953
1643202192321;47.28185125083419;-1.5205067829512953
1643202192421;47.28185125083419;-1.5205067829512953
1643202192521;47.28185125083419;-1.5205067829512953
1643202192622;47.28185125083419;-1.5205067829512953
1643202192723;47.28185125083419;-1.5205067829512953
1643202192823;47.28185125083419;-1.5205067829512953
1643202192923;47.28185125083419;-1.5205067829512953
1643202193023;47.28185125083419;-1.5205067829512953
1643202193123;47.28185125083419;-1.5205067829512953
1643202193223;47.28185125083419;-1.5205067829512953
1643202193323;47.28185125083419;-1.5205067829512953
1643202193423;47.28185125083419;-1.5205067829512953
1643202193525;47.28185125083419;-1.5205067829512953
1643202193633;47.28185125083419;-1.5205067829512953
1643202193734;47.28185125083419;-1.5205067829512953
1643202193834;47.28185125083419;-1.5205067829512953
1643202193935;47.28185125083419;-1.5205067829512953
1643202194035;47.28185125083419;-1.5205067829512953
1643202194136;47.28185125083419;-1.5205067829512953
1643202194270;47.28185125083419;-1.5205067829512953
1643202194371;47.28185125083419;-1.5205067829512953
1643202194471;47.28185125083419;-1.5205067829512953
1643202194572;47.28185125083419;-1.5205067829512953
1643202194694;47.28185125083419;-1.5205067829512953
1643202194794;47.28185125083419;-1.5205067829512953
1643202194895;47.28185125083419;-1.5205067829512953
1643202195036;47.28185125083419;-1.5205067829512953
1643202195184;47.28185125083419;-1.5205067829512953
1643202195308;47.28185125083419;-1.5205067829512953
1643202195408;47.28185125083419;-1.5205067829512953
1643202195509;47.28185125083419;-1.5205067829512953
1643202195609;47.28185125083419;-1.5205067829512953
1643202195710;47.28185125083419;-1.5205067829512953
1643202195892;47.28185125083419;-1.5205067829512953
1643202196051;47.28185125083419;-1.5205067829512953
1643202196167;47.28185125083419;-1.5205067829512953
1643202196268;47.28185125083419;-1.5205067829512953
1643202196444;47.28185125083419;-1.5205067829512953
1643202196568;47.28185125083419;-1.5205067829512953
1643202196714;47.28185125083419;-1.5205067829512953
1643202196867;47.28185125083419;-1.5205067829512953
1643202197001;47.28185125083419;-1.5205067829512953
1643202197156;47.28185125083419;-1.5205067829512953
1643202197316;47.28185125083419;-1.5205067829512953
1643202197477;47.28185125083419;-1.5205067829512953
1643202197621;47.28185125083419;-1.5205067829512953
1643202197721;47.28185125083419;-1.5205067829512953
1643202197821;47.28185125083419;-1.5205067829512953
1643202197921;47.28185125083419;-1.5205067829512953
1643202198021;47.28185125083419;-1.5205067829512953
1643202198208;47.28185125083419;-1.5205067829512953
1643202198333;47.28185125083419;-1.5205067829512953
1643202198437;47.28185125083419;-1.5205067829512953
1643202198537;47.28185125083419;-1.5205067829512953
1643202198638;47.28185125083419;-1.5205067829512953
1643202198790;47.28185125083419;-1.5205067829512953
1643202198906;47.28185125083419;-1.5205067829512953
1643202199007;47.28185125083419;-1.5205067829512953
1643202199107;47.28185125083419;-1.5205067829512953
1643202199207;47.28185125083419;-1.5205067829512953
1643202199307;47.28185125083419;-1.5205067829512953
1643202199413;47.28185125083419;-1.5205067829512953
1643202199513;47.28185125083419;-1.5205067829512953
1643202199662;47.28185125083419;-1.5205067829512953
1643202199835;47.28185125083419;-1.5205067829512953
1643202200006;47.28185125083419;-1.5205067829512953
1643202200123;47.28185125083419;-1.5205067829512953
1643202200223;47.28185125083419;-1.5205067829512953
1643202200323;47.28185125083419;-1.5205067829512953
1643202200491;47.28185125083419;-1.5205067829512953
1643202200639;47.28185125083419;-1.5205067829512953
1643202200740;47.28185125083419;-1.5205067829512953
1643202200840;47.28185125083419;-1.5205067829512953
1643202200942;47.28185125083419;-1.5205067829512953
1643202201042;47.28185125083419;-1.5205067829512953
1643202201142;47.28185125083419;-1.5205067829512953
1643202201243;47.28185125083419;-1.5205067829512953
1643202201415;47.28185125083419;-1.5205067829512953
1643202201581;47.28185125083419;-1.5205067829512953
1643202201702;47.28185125083419;-1.5205067829512953
1643202201802;47.28185125083419;-1.5205067829512953
1643202201903;47.28185125083419;-1.5205067829512953
1643202202028;47.28185125083419;-1.5205067829512953
1643202202128;47.28185125083419;-1.5205067829512953
1643202202228;47.28185125083419;-1.5205067829512953
1643202202328;47.28185125083419;-1.5205067829512953
1643202202429;47.28185125083419;-1.5205067829512953
1643202202537;47.28185125083419;-1.5205067829512953
1643202202637;47.28185125083419;-1.5205067829512953
1643202202767;47.28185125083419;-1.5205067829512953
1643202202867;47.28185125083419;-1.5205067829512953
1643202202967;47.28185125083419;-1.5205067829512953
1643202203155;47.28185125083419;-1.5205067829512953
1643202203323;47.28185125083419;-1.5205067829512953
1643202203491;47.28185125083419;-1.5205067829512953
1643202203651;47.28185125083419;-1.5205067829512953
1643202203819;47.28185125083419;-1.5205067829512953
1643202203992;47.28185125083419;-1.5205067829512953
1643202204157;47.28185125083419;-1.5205067829512953
1643202204307;47.28185125083419;-1.5205067829512953
1643202204408;47.28185125083419;-1.5205067829512953
1643202204509;47.28185125083419;-1.5205067829512953
1643202204610;47.28185125083419;-1.5205067829512953
1643202204775;47.28185125083419;-1.5205067829512953
1643202204952;47.28185125083419;-1.5205067829512953
1643202205126;47.28185125083419;-1.5205067829512953
1643202205252;47.28185125083419;-1.5205067829512953
1643202205353;47.28185125083419;-1.5205067829512953
1643202205452;47.28185125083419;-1.5205067829512953
1643202205552;47.28185125083419;-1.5205067829512953
1643202205653;47.28185125083419;-1.5205067829512953
1643202205753;47.28185125083419;-1.5205067829512953
1643202205940;47.28185125083419;-1.5205067829512953
1643202206042;47.28185125083419;-1.5205067829512953
1643202206141;47.28185125083419;-1.5205067829512953
1643202206241;47.28185125083419;-1.5205067829512953
1643202206341;47.28185125083419;-1.5205067829512953
1643202206530;47.28185125083419;-1.5205067829512953
1643202206682;47.28185125083419;-1.5205067829512953
1643202206837;47.28185125083419;-1.5205067829512953
1643202207013;47.28185125083419;-1.5205067829512953
1643202207193;47.28185125083419;-1.5205067829512953
1643202207321;47.28185125083419;-1.5205067829512953
1643202207425;47.28185125083419;-1.5205067829512953
1643202207524;47.28185125083419;-1.5205067829512953
1643202207624;47.28185125083419;-1.5205067829512953
1643202207724;47.28185125083419;-1.5205067829512953
1643202207825;47.28185125083419;-1.5205067829512953
1643202207926;47.28185125083419;-1.5205067829512953
1643202208139;47.28185125083419;-1.5205067829512953
1643202208324;47.28185125083419;-1.5205067829512953
1643202208512;47.28185125083419;-1.5205067829512953
1643202208646;47.28185125083419;-1.5205067829512953
1643202208746;47.28185125083419;-1.5205067829512953
1643202208847;47.28185125083419;-1.5205067829512953
1643202209021;47.28185125083419;-1.5205067829512953
1643202209205;47.28185125083419;-1.5205067829512953
1643202209330;47.28185125083419;-1.5205067829512953
1643202209430;47.28185125083419;-1.5205067829512953
1643202209531;47.28185125083419;-1.5205067829512953
1643202209631;47.28185125083419;-1.5205067829512953
1643202209731;47.28185125083419;-1.5205067829512953
1643202209832;47.28185125083419;-1.5205067829512953
1643202210006;47.28185125083419;-1.5205067829512953
1643202210193;47.28185125083419;-1.5205067829512953
1643202210328;47.28185125083419;-1.5205067829512953
1643202210487;47.28185125083419;-1.5205067829512953
1643202210651;47.28185125083419;-1.5205067829512953
1643202210752;47.28185125083419;-1.5205067829512953
1643202210852;47.28185125083419;-1.5205067829512953
1643202210953;47.28185125083419;-1.5205067829512953
1643202211074;47.28185125083419;-1.5205067829512953
1643202211175;47.28185125083419;-1.5205067829512953
1643202211372;47.28185125083419;-1.5205067829512953
1643202211472;47.28185125083419;-1.5205067829512953
1643202211572;47.28185125083419;-1.5205067829512953
1643202211672;47.28185125083419;-1.5205067829512953
1643202211880;47.28185125083419;-1.5205067829512953
1643202211998;47.28185125083419;-1.5205067829512953
1643202212098;47.28185125083419;-1.5205067829512953
1643202212198;47.28185125083419;-1.5205067829512953
1643202212299;47.28185125083419;-1.5205067829512953
1643202212400;47.28185125083419;-1.5205067829512953
1643202212537;47.28185125083419;-1.5205067829512953
1643202212637;47.28185125083419;-1.5205067829512953
1643202212754;47.28185125083419;-1.5205067829512953
1643202212854;47.28185125083419;-1.5205067829512953
1643202212954;47.28185125083419;-1.5205067829512953
1643202213054;47.28185125083419;-1.5205067829512953
1643202213154;47.28185125083419;-1.5205067829512953
1643202213255;47.28185125083419;-1.5205067829512953
1643202213356;47.28185125083419;-1.5205067829512953
1643202213456;47.28185125083419;-1.5205067829512953
1643202213608;47.28185125083419;-1.5205067829512953
1643202213709;47.28185125083419;-1.5205067829512953
1643202213809;47.28185125083419;-1.5205067829512953
1643202213909;47.28185125083419;-1.5205067829512953
1643202214009;47.28185125083419;-1.5205067829512953
1643202214109;47.28185125083419;-1.5205067829512953
1643202214209;47.28185125083419;-1.5205067829512953
1643202214310;47.28185125083419;-1.5205067829512953
1643202214410;47.28185125083419;-1.5205067829512953
1643202214510;47.28185125083419;-1.5205067829512953
1643202214610;47.28185125083419;-1.5205067829512953
1643202214710;47.28185125083419;-1.5205067829512953
1643202214811;47.28185125083419;-1.5205067829512953
1643202214912;47.28185125083419;-1.5205067829512953
1643202215012;47.28185125083419;-1.5205067829512953
1643202215112;47.28185125083419;-1.5205067829512953
1643202215212;47.28185125083419;-1.5205067829512953
1643202215312;47.28185125083419;-1.5205067829512953
1643202215413;47.28185125083419;-1.5205067829512953
1643202215513;47.28185125083419;-1.5205067829512953
1643202215614;47.28185125083419;-1.5205067829512953
1643202215714;47.28185125083419;-1.5205067829512953
1643202215814;47.28185125083419;-1.5205067829512953
1643202215915;47.28185125083419;-1.5205067829512953
1643202216015;47.28185125083419;-1.5205067829512953
1643202216115;47.28185125083419;-1.5205067829512953
1643202216215;47.28185125083419;-1.5205067829512953
1643202216315;47.28185125083419;-1.5205067829512953
1643202216415;47.28185125083419;-1.5205067829512953
1643202216515;47.28185125083419;-1.5205067829512953
1643202216615;47.28185125083419;-1.5205067829512953
1643202216715;47.28185125083419;-1.5205067829512953
1643202216815;47.28185125083419;-1.5205067829512953
1643202216915;47.28185125083419;-1.5205067829512953
1643202217015;47.28185125083419;-1.5205067829512953
1643202217115;47.28185125083419;-1.5205067829512953
1643202217216;47.28185125083419;-1.5205067829512953
1643202217317;47.28185125083419;-1.5205067829512953
1643202217417;47.28185125083419;-1.5205067829512953
1643202217518;47.28185125083419;-1.5205067829512953
1643202217632;47.28185125083419;-1.5205067829512953
1643202217733;47.28185125083419;-1.5205067829512953
1643202217832;47.28185125083419;-1.5205067829512953
1643202217933;47.28185125083419;-1.5205067829512953
1643202218033;47.28185125083419;-1.5205067829512953
1643202218134;47.28185125083419;-1.5205067829512953
1643202218234;47.28185125083419;-1.5205067829512953
1643202218335;47.28185125083419;-1.5205067829512953
1643202218435;47.28185125083419;-1.5205067829512953
1643202218535;47.28185125083419;-1.5205067829512953
1643202218640;47.28185125083419;-1.5205067829512953
1643202218739;47.28185125083419;-1.5205067829512953
1643202218839;47.28185125083419;-1.5205067829512953
1643202218939;47.28185125083419;-1.5205067829512953
1643202219039;47.28185125083419;-1.5205067829512953
1643202219140;47.28185125083419;-1.5205067829512953
1643202219240;47.28185125083419;-1.5205067829512953
1643202219343;47.28185125083419;-1.5205067829512953
1643202219444;47.28185125083419;-1.5205067829512953
1643202219544;47.28185125083419;-1.5205067829512953
1643202219645;47.28185125083419;-1.5205067829512953
1643202219744;47.28185125083419;-1.5205067829512953
1643202219844;47.28185125083419;-1.5205067829512953
1643202219944;47.28185125083419;-1.5205067829512953
1643202220044;47.28185125083419;-1.5205067829512953
1643202220145;47.28185125083419;-1.5205067829512953
1643202220245;47.28185125083419;-1.5205067829512953
1643202220345;47.28185125083419;-1.5205067829512953
1643202220446;47.28185125083419;-1.5205067829512953
1643202220547;47.28185125083419;-1.5205067829512953
1643202220647;47.28185125083419;-1.5205067829512953
1643202220747;47.28185125083419;-1.5205067829512953
1643202220847;47.28185125083419;-1.5205067829512953
1643202220947;47.28185125083419;-1.5205067829512953
1643202221047;47.28185125083419;-1.5205067829512953
1643202221147;47.28185125083419;-1.5205067829512953
1643202221247;47.28185125083419;-1.5205067829512953
1643202221347;47.28185125083419;-1.5205067829512953
1643202221447;47.28185125083419;-1.5205067829512953
1643202221547;47.28185125083419;-1.5205067829512953
1643202221647;47.28185125083419;-1.5205067829512953
1643202221747;47.28185125083419;-1.5205067829512953
1643202221848;47.28185125083419;-1.5205067829512953
1643202221948;47.28185125083419;-1.5205067829512953
1643202222049;47.28185125083419;-1.5205067829512953
1643202222149;47.28185125083419;-1.5205067829512953
1643202222249;47.28185125083419;-1.5205067829512953
1643202222350;47.28185125083419;-1.5205067829512953
1643202222450;47.28185125083419;-1.5205067829512953
1643202222550;47.28185125083419;-1.5205067829512953
1643202223658;47.28185125083419;-1.5205067829512953
1643202223759;47.28185125083419;-1.5205067829512953
1643202223859;47.28185125083419;-1.5205067829512953
1643202223959;47.28185125083419;-1.5205067829512953
1643202224059;47.28185125083419;-1.5205067829512953
1643202224159;47.28185125083419;-1.5205067829512953
1643202224259;47.28185125083419;-1.5205067829512953
1643202224359;47.28185125083419;-1.5205067829512953
1643202224460;47.28185125083419;-1.5205067829512953
1643202224559;47.28185125083419;-1.5205067829512953
1643202224659;47.28185125083419;-1.5205067829512953
1643202224760;47.28185125083419;-1.5205067829512953
1643202224859;47.28185125083419;-1.5205067829512953
1643202224959;47.28185125083419;-1.5205067829512953
1643202225059;47.28185125083419;-1.5205067829512953
1643202225159;47.28185125083419;-1.5205067829512953
1643202225259;47.28185125083419;-1.5205067829512953
1643202225359;47.28185125083419;-1.5205067829512953
1643202225459;47.28185125083419;-1.5205067829512953
1643202225559;47.28185125083419;-1.5205067829512953
1643202225659;47.28185125083419;-1.5205067829512953
1643202225759;47.28185125083419;-1.5205067829512953
1643202225859;47.28185125083419;-1.5205067829512953
1643202225959;47.28185125083419;-1.5205067829512953
1643202226059;47.28185125083419;-1.5205067829512953
1643202226160;47.28185125083419;-1.5205067829512953
1643202226260;47.28185125083419;-1.5205067829512953
1643202226361;47.28185125083419;-1.5205067829512953
1643202226461;47.28185125083419;-1.5205067829512953
1643202226562;47.28185125083419;-1.5205067829512953
1643202226662;47.28185125083419;-1.5205067829512953
1643202226763;47.28185125083419;-1.5205067829512953
1643202226863;47.28185125083419;-1.5205067829512953
1643202226969;47.28185125083419;-1.5205067829512953
1643202227069;47.28185125083419;-1.5205067829512953
1643202227169;47.28185125083419;-1.5205067829512953
1643202227269;47.28185125083419;-1.5205067829512953
1643202227370;47.28185125083419;-1.5205067829512953
1643202227469;47.28185125083419;-1.5205067829512953
1643202227578;47.28185125083419;-1.5205067829512953
1643202227677;47.28185125083419;-1.5205067829512953
1643202227777;47.28185125083419;-1.5205067829512953
1643202227878;47.28185125083419;-1.5205067829512953
1643202227977;47.28185125083419;-1.5205067829512953
1643202228078;47.28185125083419;-1.5205067829512953
1643202228181;47.28185125083419;-1.5205067829512953
1643202228281;47.28185125083419;-1.5205067829512953
1643202228381;47.28185125083419;-1.5205067829512953
1643202228482;47.28185125083419;-1.5205067829512953
1643202228582;47.28185125083419;-1.5205067829512953
1643202228683;47.28185125083419;-1.5205067829512953
1643202228789;47.28185125083419;-1.5205067829512953
1643202228889;47.28185125083419;-1.5205067829512953
1643202228989;47.28185125083419;-1.5205067829512953
1643202229090;47.28185125083419;-1.5205067829512953
1643202229192;47.28185125083419;-1.5205067829512953
1643202229293;47.28185125083419;-1.5205067829512953
1643202229408;47.28185125083419;-1.5205067829512953
1643202229508;47.28185125083419;-1.5205067829512953
1643202229608;47.28185125083419;-1.5205067829512953
1643202229713;47.28185125083419;-1.5205067829512953
1643202229813;47.28185125083419;-1.5205067829512953
1643202229913;47.28185125083419;-1.5205067829512953
1643202230016;47.28185125083419;-1.5205067829512953
1643202230116;47.28185125083419;-1.5205067829512953
1643202230217;47.28185125083419;-1.5205067829512953
1643202230316;47.28185125083419;-1.5205067829512953
1643202230417;47.28185125083419;-1.5205067829512953
1643202230518;47.28185125083419;-1.5205067829512953
1643202230623;47.28185125083419;-1.5205067829512953
1643202230723;47.28185125083419;-1.5205067829512953
1643202230823;47.28185125083419;-1.5205067829512953
1643202230923;47.28185125083419;-1.5205067829512953
1643202231024;47.28185125083419;-1.5205067829512953
1643202231126;47.28185125083419;-1.5205067829512953
1643202231236;47.28185125083419;-1.5205067829512953
1643202231336;47.28185125083419;-1.5205067829512953
1643202231436;47.28185125083419;-1.5205067829512953
1643202231537;47.28185125083419;-1.5205067829512953
1643202231637;47.28185125083419;-1.5205067829512953
1643202231740;47.28185125083419;-1.5205067829512953
1643202231840;47.28185125083419;-1.5205067829512953
1643202231941;47.28185125083419;-1.5205067829512953
1643202232047;47.28185125083419;-1.5205067829512953
1643202232150;47.28185125083419;-1.5205067829512953
1643202232250;47.28185125083419;-1.5205067829512953
1643202232350;47.28185125083419;-1.5205067829512953
1643202232452;47.28185125083419;-1.5205067829512953
1643202232552;47.28185125083419;-1.5205067829512953
1643202232652;47.28185125083419;-1.5205067829512953
1643202232753;47.28185125083419;-1.5205067829512953
1643202232853;47.28185125083419;-1.5205067829512953
1643202232953;47.28185125083419;-1.5205067829512953
1643202233070;47.28185125083419;-1.5205067829512953
1643202233170;47.28185125083419;-1.5205067829512953
1643202233270;47.28185125083419;-1.5205067829512953
1643202233371;47.28185125083419;-1.5205067829512953
1643202233470;47.28185125083419;-1.5205067829512953
1643202233571;47.28185125083419;-1.5205067829512953
1643202233676;47.28185125083419;-1.5205067829512953
1643202233776;47.28185125083419;-1.5205067829512953
1643202233876;47.28185125083419;-1.5205067829512953
1643202233977;47.28185125083419;-1.5205067829512953
1643202234083;47.28185125083419;-1.5205067829512953
1643202234188;47.28185125083419;-1.5205067829512953
1643202234292;47.28185125083419;-1.5205067829512953
1643202234392;47.28185125083419;-1.5205067829512953
1643202234492;47.28185125083419;-1.5205067829512953
1643202234594;47.28185125083419;-1.5205067829512953
1643202234695;47.28185125083419;-1.5205067829512953
1643202234796;47.28185125083419;-1.5205067829512953
1643202234911;47.28185125083419;-1.5205067829512953
1643202235012;47.28185125083419;-1.5205067829512953
1643202235112;47.28185125083419;-1.5205067829512953
1643202235215;47.28185125083419;-1.5205067829512953
1643202235315;47.28185125083419;-1.5205067829512953
1643202235415;47.28185125083419;-1.5205067829512953
1643202235519;47.28185125083419;-1.5205067829512953
1643202235619;47.28185125083419;-1.5205067829512953
1643202235719;47.28185125083419;-1.5205067829512953
1643202235828;47.28185125083419;-1.5205067829512953
1643202235936;47.28185125083419;-1.5205067829512953
1643202236036;47.28185125083419;-1.5205067829512953
1643202236142;47.28185125083419;-1.5205067829512953
1643202236243;47.28185125083419;-1.5205067829512953
1643202236342;47.28185125083419;-1.5205067829512953
1643202236442;47.28185125083419;-1.5205067829512953
1643202236543;47.28185125083419;-1.5205067829512953
1643202236643;47.28185125083419;-1.5205067829512953
1643202236744;47.28185125083419;-1.5205067829512953
1643202236856;47.28185125083419;-1.5205067829512953
1643202236965;47.28185125083419;-1.5205067829512953
1643202237068;47.28185125083419;-1.5205067829512953
1643202237174;47.28185125083419;-1.5205067829512953
1643202237285;47.28185125083419;-1.5205067829512953
1643202237387;47.28185125083419;-1.5205067829512953
1643202237490;47.28185125083419;-1.5205067829512953
1643202237596;47.28185125083419;-1.5205067829512953
1643202237697;47.28185125083419;-1.5205067829512953
1643202237809;47.28185125083419;-1.5205067829512953
1643202237925;47.28185125083419;-1.5205067829512953
1643202238027;47.28185125083419;-1.5205067829512953
1643202238133;47.28185125083419;-1.5205067829512953
1643202238244;47.28185125083419;-1.5205067829512953
1643202238355;47.28185125083419;-1.5205067829512953
1643202238464;47.28185125083419;-1.5205067829512953
1643202238575;47.28185125083419;-1.5205067829512953
1643202238678;47.28185125083419;-1.5205067829512953
1643202238778;47.28185125083419;-1.5205067829512953
1643202238890;47.28185125083419;-1.5205067829512953
1643202239000;47.28185125083419;-1.5205067829512953
1643202239111;47.28185125083419;-1.5205067829512953
1643202239222;47.28185125083419;-1.5205067829512953
1643202239334;47.28185125083419;-1.5205067829512953
1643202239443;47.28185125083419;-1.5205067829512953
1643202239545;47.28185125083419;-1.5205067829512953
1643202239648;47.28185125083419;-1.5205067829512953
1643202239762;47.28185125083419;-1.5205067829512953
1643202239864;47.28185125083419;-1.5205067829512953
1643202239968;47.28185125083419;-1.5205067829512953
1643202240071;47.28185125083419;-1.5205067829512953
1643202240184;47.28185125083419;-1.5205067829512953
1643202240289;47.28185125083419;-1.5205067829512953
1643202240396;47.28185125083419;-1.5205067829512953
1643202240507;47.28185125083419;-1.5205067829512953
1643202240631;47.28185125083419;-1.5205067829512953
1643202240732;47.28185125083419;-1.5205067829512953
1643202240841;47.28185125083419;-1.5205067829512953
1643202240964;47.28185125083419;-1.5205067829512953
1643202241065;47.28185125083419;-1.5205067829512953
1643202241175;47.28185125083419;-1.5205067829512953
1643202241287;47.28185125083419;-1.5205067829512953
1643202241401;47.28185125083419;-1.5205067829512953
1643202241515;47.28185125083419;-1.5205067829512953
1643202241627;47.28185125083419;-1.5205067829512953
1643202241730;47.28185125083419;-1.5205067829512953
1643202241834;47.28185125083419;-1.5205067829512953
1643202241949;47.28185125083419;-1.5205067829512953
1643202242066;47.28185125083419;-1.5205067829512953
1643202242194;47.28185125083419;-1.5205067829512953
1643202242297;47.28185125083419;-1.5205067829512953
1643202242403;47.28185125083419;-1.5205067829512953
1643202242516;47.28185125083419;-1.5205067829512953
1643202242619;47.28185125083419;-1.5205067829512953
1643202242725;47.28185125083419;-1.5205067829512953
1643202242841;47.28185125083419;-1.5205067829512953
1643202242947;47.28185125083419;-1.5205067829512953
1643202243052;47.28185125083419;-1.5205067829512953
1643202243158;47.28185125083419;-1.5205067829512953
1643202243275;47.28185125083419;-1.5205067829512953
1643202243396;47.28185125083419;-1.5205067829512953
1643202243500;47.28185125083419;-1.5205067829512953
1643202243609;47.28185125083419;-1.5205067829512953
1643202243711;47.28185125083419;-1.5205067829512953
1643202243820;47.28185125083419;-1.5205067829512953
1643202243931;47.28185125083419;-1.5205067829512953
1643202244035;47.28185125083419;-1.5205067829512953
1643202244142;47.28185125083419;-1.5205067829512953
1643202244256;47.28185125083419;-1.5205067829512953
1643202244372;47.28185125083419;-1.5205067829512953
1643202244497;47.28185125083419;-1.5205067829512953
1643202244601;47.28185125083419;-1.5205067829512953
1643202244708;47.28185125083419;-1.5205067829512953
1643202244813;47.28185125083419;-1.5205067829512953
1643202244919;47.28185125083419;-1.5205067829512953
1643202245047;47.28185125083419;-1.5205067829512953
1643202245156;47.28185125083419;-1.5205067829512953
1643202245273;47.28185125083419;-1.5205067829512953
1643202245390;47.28185125083419;-1.5205067829512953
1643202245498;47.28185125083419;-1.5205067829512953
1643202245615;47.28185125083419;-1.5205067829512953
1643202245720;47.28185125083419;-1.5205067829512953
1643202245826;47.28185125083419;-1.5205067829512953
1643202245933;47.28185125083419;-1.5205067829512953
1643202246051;47.28185125083419;-1.5205067829512953
1643202246168;47.28185125083419;-1.5205067829512953
1643202246276;47.28185125083419;-1.5205067829512953
1643202246384;47.28185125083419;-1.5205067829512953
1643202246492;47.28185125083419;-1.5205067829512953
1643202246605;47.28185125083419;-1.5205067829512953
1643202246721;47.28185125083419;-1.5205067829512953
1643202246828;47.28185125083419;-1.5205067829512953
1643202246935;47.28185125083419;-1.5205067829512953
1643202247052;47.28185125083419;-1.5205067829512953
1643202247169;47.28185125083419;-1.5205067829512953
1643202247297;47.28185125083419;-1.5205067829512953
1643202247404;47.28185125083419;-1.5205067829512953
1643202247513;47.28185125083419;-1.5205067829512953
1643202247621;47.28185125083419;-1.5205067829512953
1643202247731;47.28185125083419;-1.5205067829512953
1643202247858;47.28185125083419;-1.5205067829512953
1643202247965;47.28185125083419;-1.5205067829512953
1643202248072;47.28185125083419;-1.5205067829512953
1643202248183;47.28185125083419;-1.5205067829512953
1643202248301;47.28185125083419;-1.5205067829512953
1643202248432;47.28185125083419;-1.5205067829512953
1643202248540;47.28185125083419;-1.5205067829512953
1643202248651;47.28185125083419;-1.5205067829512953
1643202248761;47.28185125083419;-1.5205067829512953
1643202248870;47.28185125083419;-1.5205067829512953
1643202248986;47.28185125083419;-1.5205067829512953
1643202249101;47.28185125083419;-1.5205067829512953
1643202249213;47.28185125083419;-1.5205067829512953
1643202249327;47.28185125083419;-1.5205067829512953
1643202249440;47.28185125083419;-1.5205067829512953
1643202249562;47.28185125083419;-1.5205067829512953
1643202249669;47.28185125083419;-1.5205067829512953
1643202249778;47.28185125083419;-1.5205067829512953
1643202249890;47.28185125083419;-1.5205067829512953
1643202250014;47.28185125083419;-1.5205067829512953
1643202250144;47.28185125083419;-1.5205067829512953
1643202250254;47.28185125083419;-1.5205067829512953
1643202250372;47.28185125083419;-1.5205067829512953
1643202250493;47.28185125083419;-1.5205067829512953
1643202250617;47.28185125083419;-1.5205067829512953
1643202250735;47.28185125083419;-1.5205067829512953
1643202250846;47.28185125083419;-1.5205067829512953
1643202250966;47.28185125083419;-1.5205067829512953
1643202251087;47.28185125083419;-1.5205067829512953
1643202251209;47.28185125083419;-1.5205067829512953
1643202251341;47.28185125083419;-1.5205067829512953
1643202251451;47.28185125083419;-1.5205067829512953
1643202251565;47.28185125083419;-1.5205067829512953
1643202251680;47.28185125083419;-1.5205067829512953
1643202251790;47.28185125083419;-1.5205067829512953
1643202251913;47.28185125083419;-1.5205067829512953
1643202252027;47.28185125083419;-1.5205067829512953
1643202252151;47.28185125083419;-1.5205067829512953
1643202252265;47.28185125083419;-1.5205067829512953
1643202252379;47.28185125083419;-1.5205067829512953
1643202252499;47.28185125083419;-1.5205067829512953
1643202252620;47.28185125083419;-1.5205067829512953
1643202252731;47.28185125083419;-1.5205067829512953
1643202252857;47.28185125083419;-1.5205067829512953
1643202252980;47.28185125083419;-1.5205067829512953
1643202253108;47.28185125083419;-1.5205067829512953
1643202253231;47.28185125083419;-1.5205067829512953
1643202253354;47.28185125083419;-1.5205067829512953
1643202253478;47.28185125083419;-1.5205067829512953
1643202253602;47.28185125083419;-1.5205067829512953
1643202253721;47.28185125083419;-1.5205067829512953
1643202253847;47.28185125083419;-1.5205067829512953
1643202253972;47.28185125083419;-1.5205067829512953
1643202254099;47.28185125083419;-1.5205067829512953
1643202254224;47.28185125083419;-1.5205067829512953
1643202254359;47.28185125083419;-1.5205067829512953
1643202254473;47.28185125083419;-1.5205067829512953
1643202254597;47.28185125083419;-1.5205067829512953
1643202254715;47.28185125083419;-1.5205067829512953
1643202254830;47.28185125083419;-1.5205067829512953
1643202254961;47.28185125083419;-1.5205067829512953
1643202255086;47.28185125083419;-1.5205067829512953
1643202255210;47.28185125083419;-1.5205067829512953
1643202255337;47.28185125083419;-1.5205067829512953
1643202255464;47.28185125083419;-1.5205067829512953
1643202255597;47.28185125083419;-1.5205067829512953
1643202255710;47.28185125083419;-1.5205067829512953
1643202255824;47.28185125083419;-1.5205067829512953
1643202255938;47.28185125083419;-1.5205067829512953
1643202256055;47.28185125083419;-1.5205067829512953
1643202256175;47.28185125083419;-1.5205067829512953
1643202256291;47.28185125083419;-1.5205067829512953
1643202256416;47.28185125083419;-1.5205067829512953
1643202256541;47.28185125083419;-1.5205067829512953
1643202256664;47.28185125083419;-1.5205067829512953
1643202256786;47.28185125083419;-1.5205067829512953
1643202256901;47.28185125083419;-1.5205067829512953
1643202257029;47.28185125083419;-1.5205067829512953
1643202257155;47.28185125083419;-1.5205067829512953
1643202257283;47.28185125083419;-1.5205067829512953
1643202257413;47.28185125083419;-1.5205067829512953
1643202257540;47.28185125083419;-1.5205067829512953
1643202257661;47.28185125083419;-1.5205067829512953
1643202257779;47.28185125083419;-1.5205067829512953
1643202257897;47.28185125083419;-1.5205067829512953
1643202258021;47.28185125083419;-1.5205067829512953
1643202258141;47.28185125083419;-1.5205067829512953
1643202258260;47.28185125083419;-1.5205067829512953
1643202258379;47.28185125083419;-1.5205067829512953
1643202258499;47.28185125083419;-1.5205067829512953
1643202258644;47.28185125083419;-1.5205067829512953
1643202258760;47.28185125083419;-1.5205067829512953
1643202258880;47.28185125083419;-1.5205067829512953
1643202259000;47.28185125083419;-1.5205067829512953
1643202259127;47.28185125083419;-1.5205067829512953
1643202259260;47.28185125083419;-1.5205067829512953
1643202259386;47.28185125083419;-1.5205067829512953
1643202259507;47.28185125083419;-1.5205067829512953
1643202259628;47.28185125083419;-1.5205067829512953
1643202259746;47.28185125083419;-1.5205067829512953
1643202259884;47.28185125083419;-1.5205067829512953
1643202260002;47.28185125083419;-1.5205067829512953
1643202260130;47.28185125083419;-1.5205067829512953
1643202260261;47.28185125083419;-1.5205067829512953
1643202260394;47.28185125083419;-1.5205067829512953
1643202260528;47.28185125083419;-1.5205067829512953
1643202260648;47.28185125083419;-1.5205067829512953
1643202260768;47.28185125083419;-1.5205067829512953
1643202260889;47.28185125083419;-1.5205067829512953
1643202261011;47.28185125083419;-1.5205067829512953
1643202261151;47.28185125083419;-1.5205067829512953
1643202261271;47.28185125083419;-1.5205067829512953
1643202261402;47.28185125083419;-1.5205067829512953
1643202261533;47.28185125083419;-1.5205067829512953
1643202261675;47.28185125083419;-1.5205067829512953
1643202261794;47.28185125083419;-1.5205067829512953
1643202261914;47.28185125083419;-1.5205067829512953
1643202262035;47.28185125083419;-1.5205067829512953
1643202262155;47.28185125083419;-1.5205067829512953
1643202262286;47.28185125083419;-1.5205067829512953
1643202262417;47.28185125083419;-1.5205067829512953
1643202262548;47.28185125083419;-1.5205067829512953
1643202262678;47.28185125083419;-1.5205067829512953
1643202262801;47.28185125083419;-1.5205067829512953
1643202262937;47.28185125083419;-1.5205067829512953
1643202263068;47.28185125083419;-1.5205067829512953
1643202263199;47.28185125083419;-1.5205067829512953
1643202263330;47.28185125083419;-1.5205067829512953
1643202263461;47.28185125083419;-1.5205067829512953
1643202263598;47.28185125083419;-1.5205067829512953
1643202263724;47.28185125083419;-1.5205067829512953
1643202263845;47.28185125083419;-1.5205067829512953
1643202263968;47.28185125083419;-1.5205067829512953
1643202264103;47.28185125083419;-1.5205067829512953
1643202264226;47.28185125083419;-1.5205067829512953
1643202264350;47.28185125083419;-1.5205067829512953
1643202264475;47.28185125083419;-1.5205067829512953
1643202264600;47.28185125083419;-1.5205067829512953
1643202264721;47.28185125083419;-1.5205067829512953
1643202264856;47.28185125083419;-1.5205067829512953
1643202264989;47.28185125083419;-1.5205067829512953
1643202265121;47.28185125083419;-1.5205067829512953
1643202265261;47.28185125083419;-1.5205067829512953
1643202265386;47.28185125083419;-1.5205067829512953
1643202265511;47.28185125083419;-1.5205067829512953
1643202265645;47.28185125083419;-1.5205067829512953
1643202265770;47.28185125083419;-1.5205067829512953
1643202265894;47.28185125083419;-1.5205067829512953
1643202266029;47.28185125083419;-1.5205067829512953
1643202266153;47.28185125083419;-1.5205067829512953
1643202266289;47.28185125083419;-1.5205067829512953
1643202266431;47.28185125083419;-1.5205067829512953
1643202266556;47.28185125083419;-1.5205067829512953
1643202266683;47.28185125083419;-1.5205067829512953
1643202266807;47.28185125083419;-1.5205067829512953
1643202266940;47.28185125083419;-1.5205067829512953
1643202267065;47.28185125083419;-1.5205067829512953
1643202267191;47.28185125083419;-1.5205067829512953
1643202267318;47.28185125083419;-1.5205067829512953
1643202267445;47.28185125083419;-1.5205067829512953
1643202267583;47.28185125083419;-1.5205067829512953
1643202267705;47.28185125083419;-1.5205067829512953
1643202267828;47.28185125083419;-1.5205067829512953
1643202267963;47.28185125083419;-1.5205067829512953
1643202268096;47.28185125083419;-1.5205067829512953
1643202268233;47.28185125083419;-1.5205067829512953
1643202268367;47.28185125083419;-1.5205067829512953
1643202268502;47.28185125083419;-1.5205067829512953
1643202268633;47.28185125083419;-1.5205067829512953
1643202268765;47.28185125083419;-1.5205067829512953
1643202268904;47.28185125083419;-1.5205067829512953
1643202269040;47.28185125083419;-1.5205067829512953
1643202269167;47.28185125083419;-1.5205067829512953
1643202269295;47.28185125083419;-1.5205067829512953
1643202269413;47.28185125083419;-1.5205067829512953
1643202269528;47.28185125083419;-1.5205067829512953
1643202269690;47.28185125083419;-1.5205067829512953
1643202269940;47.28185125083419;-1.5205067829512953
1643202270083;47.28185125083419;-1.5205067829512953
1643202270232;47.28185125083419;-1.5205067829512953
1643202270384;47.28185125083419;-1.5205067829512953
1643202270538;47.281866351800225;-1.5204889876423457
1643202270708;47.281866351800225;-1.5204889876423457
1643202270850;47.281866351800225;-1.5204889876423457
1643202270995;47.281866351800225;-1.5204889876423457
1643202271144;47.281866351800225;-1.5204889876423457
1643202271299;47.281866351800225;-1.5204889876423457
1643202271446;47.281866351800225;-1.5204889876423457
1643202271594;47.281866351800225;-1.5204889876423457
1643202271749;47.281866351800225;-1.5204889876423457
1643202271907;47.281866351800225;-1.5204889876423457
1643202272068;47.281866351800225;-1.5204889876423457
1643202272218;47.281866351800225;-1.5204889876423457
1643202272366;47.281866351800225;-1.5204889876423457
1643202272514;47.281866351800225;-1.5204889876423457
1643202272671;47.281866351800225;-1.5204889876423457
1643202272820;47.281866351800225;-1.5204889876423457
1643202272978;47.281866351800225;-1.5204889876423457
1643202273131;47.281866351800225;-1.5204889876423457
1643202273284;47.281866351800225;-1.5204889876423457
1643202273450;47.281866351800225;-1.5204889876423457
1643202273604;47.28188402294361;-1.5204815023731242
1643202273750;47.28188402294361;-1.5204815023731242
1643202273901;47.28188402294361;-1.5204815023731242
1643202274055;47.28188402294361;-1.5204815023731242
1643202274207;47.28188402294361;-1.5204815023731242
1643202274362;47.28188402294361;-1.5204815023731242
1643202274509;47.28188402294361;-1.5204815023731242
1643202274659;47.28188402294361;-1.5204815023731242
1643202274819;47.28188402294361;-1.5204815023731242
1643202275006;47.28188402294361;-1.5204815023731242
1643202275162;47.28188402294361;-1.5204815023731242
1643202275308;47.28188402294361;-1.5204815023731242
1643202275460;47.28188402294361;-1.5204815023731242
1643202275620;47.28188402294361;-1.5204815023731242
1643202275775;47.28188402294361;-1.5204815023731242
1643202275934;47.28188402294361;-1.5204815023731242
1643202276094;47.28188402294361;-1.5204815023731242
1643202276245;47.28188402294361;-1.5204815023731242
1643202276399;47.28188402294361;-1.5204815023731242
1643202276551;47.28190674854589;-1.5204800587221274
1643202276747;47.28190674854589;-1.5204800587221274
1643202276903;47.28190674854589;-1.5204800587221274
1643202277053;47.28190674854589;-1.5204800587221274
1643202277203;47.28190674854589;-1.5204800587221274
1643202277366;47.28190674854589;-1.5204800587221274
1643202277528;47.28190674854589;-1.5204800587221274
1643202277684;47.28190674854589;-1.5204800587221274
1643202277842;47.28190674854589;-1.5204800587221274
1643202278004;47.28190674854589;-1.5204800587221274
1643202278154;47.28190674854589;-1.5204800587221274
1643202278307;47.28190674854589;-1.5204800587221274
1643202278461;47.28190674854589;-1.5204800587221274
1643202278629;47.28190674854589;-1.5204800587221274
1643202278785;47.28190674854589;-1.5204800587221274
1643202278946;47.28190674854589;-1.5204800587221274
1643202279099;47.28190674854589;-1.5204800587221274
1643202279265;47.28190674854589;-1.5204800587221274
1643202279419;47.28190674854589;-1.5204800587221274
1643202279572;47.28192172275576;-1.5204923702437005
1643202279727;47.28192172275576;-1.5204923702437005
1643202279898;47.28192172275576;-1.5204923702437005
1643202280052;47.28192172275576;-1.5204923702437005
1643202280207;47.28192172275576;-1.5204923702437005
1643202280360;47.28192172275576;-1.5204923702437005
1643202280521;47.28192172275576;-1.5204923702437005
1643202280676;47.28192172275576;-1.5204923702437005
1643202280831;47.28192172275576;-1.5204923702437005
1643202280990;47.28192172275576;-1.5204923702437005
1643202281149;47.28192172275576;-1.5204923702437005
1643202281303;47.28192172275576;-1.5204923702437005
1643202281468;47.28192172275576;-1.5204923702437005
1643202281627;47.28192172275576;-1.5204923702437005
1643202281790;47.28192172275576;-1.5204923702437005
1643202281950;47.28192172275576;-1.5204923702437005
1643202282110;47.28192172275576;-1.5204923702437005
1643202282266;47.28192172275576;-1.5204923702437005
1643202282426;47.28192172275576;-1.5204923702437005
1643202282588;47.28185125083419;-1.5205067829512953
1643202282745;47.28185125083419;-1.5205067829512953
1643202282908;47.28185125083419;-1.5205067829512953
1643202283071;47.28185125083419;-1.5205067829512953
1643202283235;47.28185125083419;-1.5205067829512953
1643202283402;47.28185125083419;-1.5205067829512953
1643202283563;47.28185125083419;-1.5205067829512953
1643202283724;47.28185125083419;-1.5205067829512953
1643202283877;47.28185125083419;-1.5205067829512953
1643202284030;47.28185125083419;-1.5205067829512953
1643202284185;47.28185125083419;-1.5205067829512953
1643202284353;47.28185125083419;-1.5205067829512953
1643202284510;47.28185125083419;-1.5205067829512953
1643202284666;47.28185125083419;-1.5205067829512953
1643202284826;47.28185125083419;-1.5205067829512953
1643202284993;47.28185125083419;-1.5205067829512953
1643202285157;47.28185125083419;-1.5205067829512953
1643202285332;47.28185125083419;-1.5205067829512953
1643202285497;47.28185125083419;-1.5205067829512953
1643202285664;47.28185125083419;-1.5205067829512953
1643202285816;47.28185125083419;-1.5205067829512953
1643202285971;47.28185125083419;-1.5205067829512953
1643202286136;47.28185125083419;-1.5205067829512953
1643202286298;47.28185125083419;-1.5205067829512953
1643202286460;47.28185125083419;-1.5205067829512953
1643202286620;47.28185125083419;-1.5205067829512953
1643202286784;47.28185125083419;-1.5205067829512953
1643202286957;47.28185125083419;-1.5205067829512953
1643202287119;47.28185125083419;-1.5205067829512953
1643202287283;47.28185125083419;-1.5205067829512953
1643202287452;47.28185125083419;-1.5205067829512953
1643202287629;47.28185125083419;-1.5205067829512953
1643202287795;47.28185125083419;-1.5205067829512953
1643202287967;47.28185125083419;-1.5205067829512953
1643202288136;47.28185125083419;-1.5205067829512953
1643202288306;47.28185125083419;-1.5205067829512953
1643202288480;47.28185125083419;-1.5205067829512953
1643202288647;47.28185125083419;-1.5205067829512953
1643202288818;47.28185125083419;-1.5205067829512953
1643202288988;47.28185125083419;-1.5205067829512953
1643202289155;47.28185125083419;-1.5205067829512953
1643202289332;47.28185125083419;-1.5205067829512953
1643202289505;47.28185125083419;-1.5205067829512953
1643202289676;47.28185125083419;-1.5205067829512953
1643202289854;47.28185125083419;-1.5205067829512953
1643202290026;47.28185125083419;-1.5205067829512953
1643202290200;47.28185125083419;-1.5205067829512953
1643202290375;47.28185125083419;-1.5205067829512953
1643202290538;47.28185125083419;-1.5205067829512953
1643202290702;47.28185125083419;-1.5205067829512953
1643202290865;47.28185125083419;-1.5205067829512953
1643202291036;47.28185125083419;-1.5205067829512953
1643202291198;47.28185125083419;-1.5205067829512953
1643202291360;47.28185125083419;-1.5205067829512953
1643202291522;47.28185125083419;-1.5205067829512953
1643202291702;47.28185125083419;-1.5205067829512953
1643202291866;47.28185125083419;-1.5205067829512953
1643202292036;47.28185125083419;-1.5205067829512953
1643202292209;47.28185125083419;-1.5205067829512953
1643202292385;47.28185125083419;-1.5205067829512953
1643202292557;47.28185125083419;-1.5205067829512953
1643202292724;47.28185125083419;-1.5205067829512953
1643202292879;47.28185125083419;-1.5205067829512953
1643202293037;47.28185125083419;-1.5205067829512953
1643202293188;47.28185125083419;-1.5205067829512953
1643202293344;47.28185125083419;-1.5205067829512953
1643202293497;47.28185125083419;-1.5205067829512953
1643202293668;47.28185125083419;-1.5205067829512953
1643202293849;47.28185125083419;-1.5205067829512953
1643202294015;47.28185125083419;-1.5205067829512953
1643202294191;47.28185125083419;-1.5205067829512953
1643202294373;47.28185125083419;-1.5205067829512953
1643202294546;47.28185125083419;-1.5205067829512953
1643202294727;47.28185125083419;-1.5205067829512953
1643202294897;47.28185125083419;-1.5205067829512953
1643202295073;47.28185125083419;-1.5205067829512953
1643202295264;47.28185125083419;-1.5205067829512953
1643202295443;47.28185125083419;-1.5205067829512953
1643202295618;47.28185125083419;-1.5205067829512953
1643202295792;47.28185125083419;-1.5205067829512953
1643202295969;47.28185125083419;-1.5205067829512953
1643202296138;47.28185125083419;-1.5205067829512953
1643202296317;47.28185125083419;-1.5205067829512953
1643202296491;47.28185125083419;-1.5205067829512953
1643202296670;47.28185125083419;-1.5205067829512953
1643202296847;47.28185125083419;-1.5205067829512953
1643202297013;47.28185125083419;-1.5205067829512953
1643202297179;47.28185125083419;-1.5205067829512953
1643202297346;47.28185125083419;-1.5205067829512953
1643202297518;47.28185125083419;-1.5205067829512953
1643202297735;47.28185125083419;-1.5205067829512953
1643202297910;47.28185125083419;-1.5205067829512953
1643202298085;47.28185125083419;-1.5205067829512953
1643202298268;47.28185125083419;-1.5205067829512953
1643202298440;47.28185125083419;-1.5205067829512953
1643202298608;47.28185125083419;-1.5205067829512953
1643202298797;47.28185125083419;-1.5205067829512953
1643202298970;47.28185125083419;-1.5205067829512953
1643202299140;47.28185125083419;-1.5205067829512953
1643202299311;47.28185125083419;-1.5205067829512953
1643202299479;47.28185125083419;-1.5205067829512953
1643202299656;47.28185125083419;-1.5205067829512953
1643202299839;47.28185125083419;-1.5205067829512953
1643202300027;47.28185125083419;-1.5205067829512953
1643202300187;47.28185125083419;-1.5205067829512953
1643202300349;47.28185125083419;-1.5205067829512953
1643202300521;47.28185125083419;-1.5205067829512953
1643202300714;47.28185125083419;-1.5205067829512953
1643202300862;47.28185125083419;-1.5205067829512953
1643202301006;47.28185125083419;-1.5205067829512953
1643202301165;47.28185125083419;-1.5205067829512953
1643202301320;47.28185125083419;-1.5205067829512953
1643202301480;47.28185125083419;-1.5205067829512953
1643202301626;47.28185125083419;-1.5205067829512953
1643202301773;47.28185125083419;-1.5205067829512953
1643202301922;47.28185125083419;-1.5205067829512953
1643202302082;47.28185125083419;-1.5205067829512953
1643202302240;47.28185125083419;-1.5205067829512953
1643202302399;47.28185125083419;-1.5205067829512953
1643202302566;47.28185125083419;-1.5205067829512953
1643202302727;47.28185125083419;-1.5205067829512953
1643202302878;47.28185125083419;-1.5205067829512953
1643202303028;47.28185125083419;-1.5205067829512953
1643202303184;47.28185125083419;-1.5205067829512953
1643202303335;47.28185125083419;-1.5205067829512953
1643202303483;47.28185125083419;-1.5205067829512953
1643202303650;47.28185125083419;-1.5205067829512953
1643202303806;47.28185125083419;-1.5205067829512953
1643202303964;47.28185125083419;-1.5205067829512953
1643202304120;47.28185125083419;-1.5205067829512953
1643202304271;47.28185125083419;-1.5205067829512953
1643202304432;47.28185125083419;-1.5205067829512953
1643202304589;47.28185125083419;-1.5205067829512953
1643202304744;47.28185125083419;-1.5205067829512953
1643202304906;47.28185125083419;-1.5205067829512953
1643202305059;47.28185125083419;-1.5205067829512953
1643202305209;47.28185125083419;-1.5205067829512953
1643202305377;47.28185125083419;-1.5205067829512953
1643202305530;47.28185125083419;-1.5205067829512953
1643202305683;47.28185125083419;-1.5205067829512953
1643202305837;47.28185125083419;-1.5205067829512953
1643202305988;47.28185125083419;-1.5205067829512953
1643202306147;47.28185125083419;-1.5205067829512953
1643202306315;47.28185125083419;-1.5205067829512953
1643202306477;47.28185125083419;-1.5205067829512953
1643202306642;47.28185125083419;-1.5205067829512953
1643202306791;47.28185125083419;-1.5205067829512953
1643202306952;47.28185125083419;-1.5205067829512953
1643202307112;47.28185125083419;-1.5205067829512953
1643202307273;47.28185125083419;-1.5205067829512953
1643202307433;47.28185125083419;-1.5205067829512953
1643202307593;47.28185125083419;-1.5205067829512953
1643202307749;47.28185125083419;-1.5205067829512953
1643202307912;47.28185125083419;-1.5205067829512953
1643202308073;47.28185125083419;-1.5205067829512953
1643202308234;47.28185125083419;-1.5205067829512953
1643202308397;47.28185125083419;-1.5205067829512953
1643202308558;47.28185125083419;-1.5205067829512953
1643202308710;47.28185125083419;-1.5205067829512953
1643202308862;47.28185125083419;-1.5205067829512953
1643202309003;47.28185125083419;-1.5205067829512953
1643202309171;47.28185125083419;-1.5205067829512953
1643202309334;47.28185125083419;-1.5205067829512953
1643202309543;47.28185125083419;-1.5205067829512953
1643202309717;47.28185125083419;-1.5205067829512953
1643202309895;47.28185125083419;-1.5205067829512953
1643202310094;47.28185125083419;-1.5205067829512953
1643202310283;47.28185125083419;-1.5205067829512953
